url,url_mobile,title,seendate,socialimage,domain,language,sourcecountry
https://wwd.com/sourcing-journal/industry-news/everlane-plans-to-relocate-la-unpaid-rent-dispute-1238873602/,,Everlane Plans to Relocate to L . A . Amid Rent Dispute,20260404T014500Z,https://wwd.com/wp-content/uploads/2026/04/everlane.jpg?&crop=1,wwd.com,English,United States
https://www.vogue.com/article/how-a-new-generation-of-designers-are-promoting-and-protecting-their-names,,"How a New Generation of Designers Are Promoting , and Protecting , Their Names",20260227T074500Z,"https://assets.vogue.com/photos/69a057c4f4937901216d317f/16:9/w_1280,c_limit/personal-brands-vogue-business-social-newsletter.jpg",vogue.com,English,United States
https://finance.yahoo.com/sectors/technology/articles/rubi-raises-7-5m-carbon-165911148.html,,Rubi Raises $7 . 5M for Carbon Capture Cellulose ; Paradise Textiles Plans $102M Egypt Hub : Sustainability Scene,20260319T173000Z,https://s.yimg.com/ny/api/res/1.2/13fmJGUQlnHEPt7PGsXH9A--/YXBwaWQ9aGlnaGxhbmRlcjt3PTEyMDA7aD04MDA-/https://media.zenfs.com/en/wwd_409/5fa9926f0f59c7d257c2c6d574ed3a15,finance.yahoo.com,English,United States
https://www.goodhousekeeping.com/clothing/a71099561/everlane-sale/,,Best Everlane Sale Deals : 70 % Off Spring Basics and Capsule Pieces,20260422T233000Z,"https://hips.hearstapps.com/hmg-prod/images/23276dae-8355-4194-a045-42951beb322f.png?crop=1xw:1.0xh;center,top",goodhousekeeping.com,English,United States
https://www.vogue.com/article/does-the-everlane-sale-mark-the-death-of-millennial-sustainability,,Does the Everlane Sale Mark the Death of Millennial Sustainable Fashion ? ,20260520T004500Z,"https://assets.vogue.com/photos/6a0ccab45ae10efbb3743e4a/16:9/w_1280,c_limit/05-20-26-EVERLANE-vogue-business-social-newsletter.jpg",vogue.com,English,United States
https://www.orlandosentinel.com/2026/05/19/shein-everlane/,,Online retailer Shein to acquire San Francisco - based Everlane,20260519T201500Z,https://www.orlandosentinel.com/wp-content/uploads/2026/05/202605191203MCT_____PHOTO____BIZ-RETAIL-EVERLANE-SHEIN-FILEPIC-GET.jpg,orlandosentinel.com,English,United States
https://www.sandiegouniontribune.com/2026/05/19/shein-everlane/,,Online retailer Shein to acquire San Francisco - based Everlane,20260519T194500Z,https://www.sandiegouniontribune.com/wp-content/uploads/2026/05/202605191203MCT_____PHOTO____BIZ-RETAIL-EVERLANE-SHEIN-FILEPIC-GET.jpg,sandiegouniontribune.com,English,United States
https://www.independent.co.uk/us/money/everlane-acquisition-shein-sustainability-b2978686.html,,Everlane clothing company prided on sustainability reportedly acquired by Shein,20260518T184500Z,"https://static.independent.co.uk/2026/05/18/13/34/GettyImages-2244511077.jpeg?trim=0,0,0,0&crop=1200:800",independent.co.uk,English,United Kingdom
https://us.cnn.com/2026/05/18/business/everlane-shein-millennial-nightcap,,Everlane is the latest beloved Millennial brand that selling out to stay alive,20260519T001500Z,"https://media.cnn.com/api/v1/images/stellar/prod/c-gettyimages-2235121103.jpg?c=16x9&q=w_800,c_fill",us.cnn.com,English,United States
https://www.cnn.com/2026/05/18/business/everlane-shein-millennial-nightcap,,Everlane is the latest beloved Millennial brand that selling out to stay alive,20260519T001500Z,"https://media.cnn.com/api/v1/images/stellar/prod/c-gettyimages-2235121103.jpg?c=16x9&q=w_800,c_fill",cnn.com,English,United States
https://www.marieclaire.com/fashion/shein-everlane-acquisition-explained/,,"Shein Surprise Everlane Acquisition , Explained",20260519T023000Z,https://cdn.mos.cms.futurecdn.net/8fC4Q4ewzEdrdHMj7Hdb7j-1920-80.jpg,marieclaire.com,English,United States
https://www.fox4news.com/news/everlane-shein-deal-buying-report-puck-news,https://www.fox4news.com/news/everlane-shein-deal-buying-report-puck-news.amp,"Shein buying Everlane , sustainable fashion brand : Report | FOX 4 Dallas - Fort Worth",20260518T193000Z,https://images.foxtv.com/static.livenowfox.com/www.livenowfox.com/content/uploads/2026/05/1280/720/gettyimages-2221437105-copy-scaled.jpg?ve=1&tl=1,fox4news.com,English,United States
https://www.readingeagle.com/2026/05/19/shein-everlane/,,Online retailer Shein to acquire San Francisco - based Everlane,20260519T200000Z,https://www.readingeagle.com/wp-content/uploads/2026/05/202605191203MCT_____PHOTO____BIZ-RETAIL-EVERLANE-SHEIN-FILEPIC-GET.jpg,readingeagle.com,English,United States
https://www.asiaone.com/money/shein-buys-us-based-apparel-retailer-everlane-puck-news-reports,,"Shein buys US - based apparel retailer Everlane , Puck News reports",20260518T053000Z,https://media.asiaone.com/sites/default/files/styles/article_top_image/public/original_images/May2026/shein-rt.JPG?itok=hcTYUdNF,asiaone.com,English,Singapore
https://nypost.com/2026/05/18/lifestyle/everlane-reportedly-sold-to-shein/,,Everlane reportedly sold to Shein,20260518T190000Z,https://nypost.com/wp-content/uploads/sites/2/2026/05/shein-everlane-100m-acquisition-comp.jpg?quality=75&strip=all,nypost.com,English,United States
https://www.fox7austin.com/news/everlane-shein-deal-buying-report-puck-news,https://www.fox7austin.com/news/everlane-shein-deal-buying-report-puck-news.amp,"Shein buying Everlane , sustainable fashion brand : Report",20260518T194500Z,https://images.foxtv.com/static.livenowfox.com/www.livenowfox.com/content/uploads/2026/05/1280/720/gettyimages-2221437105-copy-scaled.jpg?ve=1&tl=1,fox7austin.com,English,United States
https://www.justjared.com/2026/05/17/cleaner-fashion-brand-everlane-reportedly-being-sold-to-fast-fashion-company-shein/,,  Cleaner Fashion  Brand Everlane Reportedly Being Sold to Fast - Fashion Company Shein,20260517T210000Z,https://www.justjared.com/wp-content/uploads/2026/05/shein.jpg,justjared.com,English,United States
https://www.chicoer.com/2026/05/19/shein-everlane/,,Online retailer Shein to acquire San Francisco - based Everlane,20260519T200000Z,https://www.chicoer.com/wp-content/uploads/2026/05/202605191203MCT_____PHOTO____BIZ-RETAIL-EVERLANE-SHEIN-FILEPIC-GET.jpg,chicoer.com,English,United States
https://finance.yahoo.com/markets/stocks/articles/shein-acquires-everlane-100-million-122929240.html,,Shein acquires Everlane in $100 million deal,20260520T004500Z,https://s.yimg.com/ny/api/res/1.2/vO8FWHZ4tcWVIjgcOUvN3Q--/YXBwaWQ9aGlnaGxhbmRlcjt3PTEyMDA7aD02NzU-/https://media.zenfs.com/en/quartz_855/e29aaaa427fae53115374f7e342121f0,finance.yahoo.com,English,United States
https://www.travelandleisure.com/everlane-spring-travel-clothes-deals-february-2026-11916223,,14 Best Everlane Comfy Travel Clothing Deals,20260301T014500Z,https://www.travelandleisure.com/thmb/62fGVQVdoqLqMb10017K2w-C8_M=/1500x0/filters:no_upscale():max_bytes(150000):strip_icc()/tl-everlane-deals-tout-c6573c0e57e74f32bc39dd97831f0403.jpg,travelandleisure.com,English,United States
https://www.odwyerpr.com/story/public/24780/2026-05-19/sheins-pr-shocker-deal-acquire-everlane.html,,PR News | Shein PR Shocker Deal to Acquire Everlane,20260519T234500Z,https://www.odwyerpr.com/images/odwyers-instream-default-image.jpg,odwyerpr.com,English,United States
https://abcnews.com/GMA/Shop/womens-spring-shoes-2026/story?id=130444462,https://abcnews.com/amp/GMA/Shop/womens-spring-shoes-2026/story?id=130444462,"Women shoes for spring 2026 : Loafers , flats , slim sneakers and more",20260226T153000Z,https://i.abcnewsfe.com/a/636de0a3-02fb-4d6a-9abc-ea75ff2fd0f6/MainImage_SpringShoes_022525_1772051761699_hpMain_16x9.jpg,abcnews.com,English,United States
https://www.vogue.co.uk/article/clean-fashion,,Is Clean Fashion The New Clean Beauty ? ,20260422T093000Z,"https://media.vogue.co.uk/photos/69e622dcc02777b9eced8865/16:9/w_1280,c_limit/VOGUE-MAY2026-KINTZING-Paolo%20Zerbini_KZPZ11363.jpg",vogue.co.uk,English,United Kingdom
https://www.businessoffashion.com/news/retail/reports-shein-acquires-everlane/,,Reports : Shein Acquires Everlane,20260518T093000Z,https://img.businessoffashion.com/resizer/v2/TUZCGXBOSZHOPLIAUD4WRM44TI.jpg?smart=true&auth=07d70cf1a6b69bfb6d3d994fbd71f474825268684bf9ddff1e6fb7a8209c9547,businessoffashion.com,English,United Kingdom
https://insideretail.asia/2026/05/19/fast-fashion-giant-shein-acquires-everlane-in-a-shocking-100-million-deal/,,Fast - fashion giant Shein acquires Everlane in a shocking $100 million deal,20260519T090000Z,https://insideretail.asia/wp-content/uploads/2026/05/shein-everlane.jpg,insideretail.asia,English,China
https://theonion.com/man-torn-over-which-shirt-worthy-of-wooden-hanger/,,Man Torn Over Which Shirt Worthy Of Wooden Hanger,20260417T160000Z,https://theonion.com/wp-content/uploads/2026/04/Man_Torn-IHA-PH-R.jpg,theonion.com,English,United States
https://www.reporterherald.com/2026/05/19/shein-everlane/,,Online retailer Shein to acquire San Francisco - based Everlane,20260519T200000Z,https://www.reporterherald.com/wp-content/uploads/2026/05/202605191203MCT_____PHOTO____BIZ-RETAIL-EVERLANE-SHEIN-FILEPIC-GET.jpg,reporterherald.com,English,United States
https://www.fortmorgantimes.com/2026/05/19/shein-everlane/,,Online retailer Shein to acquire San Francisco - based Everlane,20260519T220000Z,https://www.fortmorgantimes.com/wp-content/uploads/2026/05/202605191203MCT_____PHOTO____BIZ-RETAIL-EVERLANE-SHEIN-FILEPIC-GET.jpg,fortmorgantimes.com,English,United States
https://www.coloradohometownweekly.com/2026/05/19/shein-everlane/,,Online retailer Shein to acquire San Francisco - based Everlane,20260519T220000Z,https://www.coloradohometownweekly.com/wp-content/uploads/2026/05/202605191203MCT_____PHOTO____BIZ-RETAIL-EVERLANE-SHEIN-FILEPIC-GET.jpg,coloradohometownweekly.com,English,United States
https://www.dailydemocrat.com/2026/05/19/shein-everlane/,,Online retailer Shein to acquire San Francisco - based Everlane,20260519T230000Z,https://www.dailydemocrat.com/wp-content/uploads/2026/05/202605191203MCT_____PHOTO____BIZ-RETAIL-EVERLANE-SHEIN-FILEPIC-GET.jpg,dailydemocrat.com,English,United States
https://www.timesherald.com/2026/05/19/shein-everlane/,,Online retailer Shein to acquire San Francisco - based Everlane,20260519T201500Z,https://www.timesherald.com/wp-content/uploads/2026/05/202605191203MCT_____PHOTO____BIZ-RETAIL-EVERLANE-SHEIN-FILEPIC-GET.jpg,timesherald.com,English,United States
https://www.akronnewsreporter.com/2026/05/19/shein-everlane/,,Online retailer Shein to acquire San Francisco - based Everlane,20260519T223000Z,https://www.akronnewsreporter.com/wp-content/uploads/2026/05/202605191203MCT_____PHOTO____BIZ-RETAIL-EVERLANE-SHEIN-FILEPIC-GET.jpg,akronnewsreporter.com,English,United States
https://www.advocate-news.com/2026/05/19/shein-everlane/,,Online retailer Shein to acquire San Francisco - based Everlane,20260519T230000Z,https://www.advocate-news.com/wp-content/uploads/2026/05/202605191203MCT_____PHOTO____BIZ-RETAIL-EVERLANE-SHEIN-FILEPIC-GET.jpg,advocate-news.com,English,United States
https://www.marieclaire.com/fashion/moss-green-color-trend-2026/,,Moss Green Will Be 2026 Most Viral Color Trend,20260225T194500Z,https://cdn.mos.cms.futurecdn.net/9mmD7CmZF27FbSpBRoy4aj-2560-80.jpg,marieclaire.com,English,United States
https://www.eonline.com/news/1432033/how-to-style-wrap-pants-for-summer-2026-according-to-a-stylist,,"How To Style Wrap Pants for Summer 2026 , According to a Stylist",20260515T230000Z,"https://akns-images.eonline.com/eol_images/Entire_Site/20260515/7a0b2070-441c-4147-9c35-cd888ef96aca_1778875265.jpg?fit=around%7C1080:1080&output-quality=90&crop=1080:1080;center,top",eonline.com,English,United States
https://abcnews.com/GMA/Shop/womens-sneakers-2026/story?id=129013711,https://abcnews.com/amp/GMA/Shop/womens-sneakers-2026/story?id=129013711,"Women sneakers for working out , styling and beyond : Shop our picks",20260304T001500Z,https://i.abcnewsfe.com/a/48658cb0-6e4b-4c06-a3c5-dee2faa7367c/MainImage_WomensSneakers_030326_1772568494760_hpMain_16x9.jpg,abcnews.com,English,United States
https://insideretail.asia/2026/05/18/shein-buys-us-based-apparel-retailer-everlane/,,Shein buys US - based apparel retailer Everlane,20260518T093000Z,https://insideretail.asia/wp-content/uploads/2026/05/2026-05-18T025003Z_2_LYNXMPEM4H06B_RTROPTP_3_SHEIN-FRANCE.jpg,insideretail.asia,English,China
https://www.tomsguide.com/sales-events/11-secret-earth-day-sales-that-are-good-for-your-wallet-and-the-planet,,11 secret Earth Day sales that are good for your wallet and the planet,20260422T001500Z,https://cdn.mos.cms.futurecdn.net/2tJ76qNd8u7UQsXZxH6iwb-2000-80.jpg,tomsguide.com,English,United States
https://wwd.com/footwear-news/shoe-trends/barbara-palvin-glove-style-heels-fila-show-1238639617/,,Barbara Palvin Steps Out in Glove - style Heels for the Fila Show,20260302T004500Z,https://wwd.com/wp-content/uploads/2026/03/barbara.jpg?&crop=1,wwd.com,English,United States
https://www.marieclaire.com/fashion/spring-fashion/viral-bandana-scarf-trend-spring/,,Viral Bandana Scarf Trend : How Fashion People Are Wearing It for Spring,20260312T201500Z,https://cdn.mos.cms.futurecdn.net/PwstPyXcUoBtzX7DRCc9-2560-80.jpg,marieclaire.com,English,United States
https://www.miaminewtimes.com/arts-culture/miami-is-getting-two-uniqlo-stores-what-to-know-40530859/,,Miami Is Getting Two Uniqlo Stores : What to Know,20260312T183000Z,https://www.miaminewtimes.com/wp-content/uploads/sites/4/2026/03/UniqloPhoto.jpg,miaminewtimes.com,English,United States
https://www.marieclaire.com/fashion/fashion/best-new-trendy-sneakers-2026/,,The 6 2026 Sneaker Trends That Signal Youre a Fashion Girl,20260416T234500Z,https://cdn.mos.cms.futurecdn.net/puJcYE7NPLf8GLgZD7cCP5-1536-80.jpg,marieclaire.com,English,United States
https://csrwire.com/press-release/program-delivers-path-16-million-tco2e-reduction-consumer-goods-manufacturers/,,Program Delivers Path to 1 . 6 Million tCO2e Reduction for Consumer Goods Manufacturers,20260429T183000Z,https://csrwire.com/wp-content/uploads/sites/2/2026/04/cascale-mcap-graduation-04-26.jpg,csrwire.com,English,United States
https://www.townandcountrymag.com/society/money-and-power/a70711155/howard-schultz-starbucks-florida-washington-millionaire-tax/,,Former Starbucks CEO Howard Schultz Leaves Washington State for Florida Amid Income Tax Debate,20260311T190000Z,"https://hips.hearstapps.com/hmg-prod/images/a24bc924-deac-4646-b142-752953296886.jpeg?crop=1xw:0.717xh;0xw,0.065xh",townandcountrymag.com,English,United States
https://thelooker.thedailybeast.com/clare-waight-keller-x-uniqlo-drawstring-bag/,,Royal Wedding Designer Debuts $40 Meghan Markle - Coded Bag,20260226T090000Z,https://www.thedailybeast.com/resizer/v2/AW4BXITMXFAJXPTDE3IAEJ37H4.jpg?auth=14afbbea8a6913c74d9e7aea8a8348e647473818d0e73f22ad127e1080703b20&smart=true,thelooker.thedailybeast.com,English,United States
https://www.businessinsider.com/guides/style/quince-mens-clothing-review,,"Quince Men Clothing Review 2026 : Cashmere , Suede , and More for Less",20260220T220000Z,https://i.insider.com/69988bf7efb52c8bd0de8eb7?&format=jpeg,businessinsider.com,English,United States
https://www.marieclaire.com/fashion/celebrity-style/how-to-style-white-jeans-rihanna/,,How to Style White Jeans the Rihanna Way,20260514T213000Z,,marieclaire.com,English,United States
https://www.marieclaire.com/fashion/celebrity-style/kylie-jenner-timothee-chalamet-knicks-game-date-heeled-flip-flops-trend/,,Heeled Flip - Flops Join Kylie Jenner Knicks Date With Timothée Chalamet,20260429T153000Z,https://cdn.mos.cms.futurecdn.net/S5kiPgePrfiY66cpWeoZ9i-1920-80.png,marieclaire.com,English,United States
https://www.usmagazine.com/shopping/news/glove-flats-comfy-spring-shoe-trend/,,  Glove  Flats Are Spring Sleekest ( and Comfiest ) Shoe Trend,20260424T164500Z,https://www.usmagazine.com/wp-content/uploads/2026/04/shoes_3a9ccb.jpg?crop=0px%2C41px%2C2000px%2C1051px,usmagazine.com,English,United States
https://www.marieclaire.com/fashion/celebrity-style/kaia-gerber-spring-trench-coat-outfit/,,Copy Kaia Gerber Chic Trench Coat Outfit This Spring,20260508T231500Z,https://cdn.mos.cms.futurecdn.net/gC9oFM8nePNXdhQ5QJYrza-2560-80.jpg,marieclaire.com,English,United States
https://www.marieclaire.com/fashion/celebrity-style/spring-high-vamp-heels-trend-2026-hailey-bieber/,,The High - Vamp Heel Trend Is Hailey Bieber Winning Spring It Shoe,20260326T154500Z,https://cdn.mos.cms.futurecdn.net/SPi6YNEiY5z4zBivMABQRK-1920-80.png,marieclaire.com,English,United States
https://www.marieclaire.com/fashion/celebrity-style/rosalia-mary-jane-spring-shoe-trend/,,Rosalía Puts a Punk - Rock Twist on Spring 2026 Mary Jane Shoe Trend,20260508T181500Z,https://cdn.mos.cms.futurecdn.net/jwbKSSNfn2TUQoPWH2WZs9-2560-80.jpg,marieclaire.com,English,United States
https://www.marieclaire.com/fashion/celebrity-style/ballet-sneaker-trend-billie-eilish-hit-me-hard-and-soft-tour-film-premiere/,,Billie Eilish Celebrates Her Tour Film Premiere in the Ballet Sneaker Trend,20260428T210000Z,https://cdn.mos.cms.futurecdn.net/U88qhaWPPxgWBR4fseaxbC-1920-80.png,marieclaire.com,English,United States
https://www.marieclaire.com/fashion/celebrity-style/rare-louis-vuitton-bag-cuffed-jeans-outfit-rihanna/,,Rihanna Cant Help But Pair Cuffed Jeans and a Rare Louis Vuitton Bag,20260318T171500Z,https://cdn.mos.cms.futurecdn.net/39jZWEZaRb7eVjocinC9Rk-1920-80.png,marieclaire.com,English,United States
http://www.prnewswire.com/news-releases/pure-strategies-managing-director-tim-greiner-named-to-the-mo-100-top-impact-ceo-list-302704184.html,,Pure Strategie Managing Director Tim Greiner Named to the MO 100 Top Impact CEO List,20260304T171500Z,https://mma.prnewswire.com/media/2338979/Pure_Strategies.jpg?p=facebook,prnewswire.com,English,United States
https://www.marieclaire.com/fashion/celebrity-style/white-jeans-trend-spring-2026-nicola-coughlan/,,Nicola Coughlan Endorses the Spring 2026 White Denim Trend,20260415T000000Z,https://cdn.mos.cms.futurecdn.net/VCRPTPuYL9tWGfAzR7Px7c-1920-80.png,marieclaire.com,English,United States
https://www.harpersbazaar.com/fashion/trends/g70837261/trench-coats-for-women_1774384750/,,10 Best Trench Coats for Women in 2026,20260326T221500Z,"https://hips.hearstapps.com/hmg-prod/images/f2b93e89-99a1-4927-aaaa-a95a475005b9.jpg?crop=1xw:0.5xh;center,top",harpersbazaar.com,English,United States
https://www.marieclaire.com/fashion/celebrity-style/button-down-shirt-outfit-zendaya-tom-holland-paris/,,Zendaya Button - Down Shirt Outfit in Paris Matches Tom Holland,20260325T011500Z,https://cdn.mos.cms.futurecdn.net/wkVQPuYkYorExi2GaR2E2T-1920-80.png,marieclaire.com,English,United States
https://www.travelandleisure.com/trending-spring-colors-travel-clothes-nyc-writer-picks-11924881,,3 Trending Colors for Your Spring Packing List,20260316T131500Z,https://www.travelandleisure.com/thmb/JSnVfLgpqxUfy1byLcHmJtnBa0s=/1500x0/filters:no_upscale():max_bytes(150000):strip_icc()/tal-these-3-colors-are-dominating-new-york-city-spring-style-tout-371bbab88d614c2e8b39e7284bd3180d.jpg,travelandleisure.com,English,United States
https://www.marieclaire.com/fashion/celebrity-style/bella-hadid-all-white-spring-outfit-paris-fashion-week/,,Bella Hadid Styles an All - White Spring Outfit at Paris Fashion Week,20260302T201500Z,https://cdn.mos.cms.futurecdn.net/4hSSSZhP4Wzq9qX3V9Tm5X-1920-80.png,marieclaire.com,English,United States
https://www.fashiontimes.com/sustainable-fashion-brands-transforming-style-ethical-fashion-brands-leading-way-13999,,Sustainable Fashion Brands Transforming Style With Ethical Fashion Brands Leading the Way,20260325T151500Z,https://d.fashiontimes.com/en/full/55634/sustainable-wardrobe.jpg,fashiontimes.com,English,United States
https://www.businessinsider.com/guides/style/womens-clothing,,Insider Reviews,20260422T171500Z,,businessinsider.com,English,United States
https://www.usmagazine.com/shopping/news/premium-fashion-brands-amazon-big-spring-sale/,,13 Amazon Deals on Premium Fashion Brands That Rarely Go on Sale,20260331T180000Z,https://www.usmagazine.com/wp-content/uploads/2026/03/pink-collage.jpg?&crop=1&quality=86&strip=all,usmagazine.com,English,United States
https://www.koat.com/article/amazon-sales-april-2026/71031876,,"Best Amazon April deals on home , beauty and fashion finds",20260416T130000Z,"https://kubrick.htvapps.com/htv-prod-media.s3.amazonaws.com/images/rawimage-1561388281642082239.jpg?crop=1.00xw:0.791xh;0,0",koat.com,English,United States
https://www.wmur.com/article/amazon-sales-april-2026/71031876,,"Best Amazon April deals on home , beauty and fashion finds",20260416T114500Z,"https://kubrick.htvapps.com/htv-prod-media.s3.amazonaws.com/images/rawimage-1561388281642082239.jpg?crop=1.00xw:0.791xh;0,0",wmur.com,English,United States
https://www.wtae.com/article/amazon-sales-april-2026/71031876,,"Best Amazon April deals on home , beauty and fashion finds",20260416T120000Z,"https://kubrick.htvapps.com/htv-prod-media.s3.amazonaws.com/images/rawimage-1561388281642082239.jpg?crop=1.00xw:0.791xh;0,0",wtae.com,English,United States
https://www.wesh.com/article/amazon-sales-april-2026/71031876,,"Best Amazon April deals on home , beauty and fashion finds",20260416T150000Z,"https://kubrick.htvapps.com/htv-prod-media.s3.amazonaws.com/images/rawimage-1561388281642082239.jpg?crop=1.00xw:0.791xh;0,0",wesh.com,English,United States
https://shopping.yahoo.com/style/clothing/articles/ultra-lightweight-tee-starts-just-110017971.html,,This Ultra - Lightweight Tee Starts At Just $9,20260315T114500Z,https://s.yimg.com/os/en/huffpost_commerce_articles_680/672e6c34e126c2ab7d169a6345381b94,shopping.yahoo.com,English,United States
https://www.kcra.com/article/amazon-sales-april-2026/71031876,,"Best Amazon April deals on home , beauty and fashion finds",20260416T193000Z,"https://kubrick.htvapps.com/htv-prod-media.s3.amazonaws.com/images/rawimage-1561388281642082239.jpg?crop=1.00xw:0.791xh;0,0",kcra.com,English,United States
https://www.wgal.com/article/amazon-sales-april-2026/71031876,,"Best Amazon April deals on home , beauty and fashion finds",20260416T164500Z,"https://kubrick.htvapps.com/htv-prod-media.s3.amazonaws.com/images/rawimage-1561388281642082239.jpg?crop=1.00xw:0.791xh;0,0",wgal.com,English,United States
https://www.elle.com/fashion/shopping/a71139789/summer-denim-trends-2026/,,7 Breakout Denim Trends Were Buying for Summer 2026,20260504T193000Z,"https://hips.hearstapps.com/hmg-prod/images/fb04dd17-918f-4310-ad6f-d2ccf5d307b0.png?crop=1xw:0.888xh;0xw,0.028xh",elle.com,English,United States
https://www.marieclaire.com/fashion/celebrity-style/aubrey-plaza-maternity-outfit-shoe-trends/,,Aubrey Plaza Relatable Maternity Outfit ? Changing Shoes,20260416T234500Z,https://cdn.mos.cms.futurecdn.net/WAYfLfCbzqxUMZbJiTfD98-1920-80.png,marieclaire.com,English,United States
https://www.harpersbazaar.com/fashion/trends/a70468367/best-high-vamp-ballet-flat-shoes/,,The Best High Vamp Ballet Flats for 2026,20260311T213000Z,"https://hips.hearstapps.com/hmg-prod/images/0309-flats-00-69af1a2d34139.jpg?crop=1xw:0.8890469416785206xh;center,top",harpersbazaar.com,English,United States
https://alltoc.com/lifestyle/why-are-designers-promoting-their-own-names,,Why are designers promoting their own names ? ,20260227T080000Z,https://alltoc.com/cdn/1046/ogs.png,alltoc.com,English,
https://www.wdsu.com/article/amazon-sales-april-2026/71031876,,"Best Amazon April deals on home , beauty and fashion finds",20260416T130000Z,"https://kubrick.htvapps.com/htv-prod-media.s3.amazonaws.com/images/rawimage-1561388281642082239.jpg?crop=1.00xw:0.791xh;0,0",wdsu.com,English,United States
https://www.harpersbazaar.com/fashion/trends/a70900986/how-to-style-floral-brooch/,,5 Fresh Ways to Style a Floral Brooch This Spring,20260408T223000Z,"https://hips.hearstapps.com/hmg-prod/images/0d04890b-f379-4480-8dc5-41948f42d6c9.jpg?crop=1xw:0.889046941679xh;center,top",harpersbazaar.com,English,United States
https://wwd.com/sourcing-journal/sustainability/reformations-silk-reset-signals-a-shift-1238913333/,,Reformation Silk Reset Signals Shift From Elimination to Optimization,20260413T220000Z,https://wwd.com/wp-content/uploads/2026/04/REformationSilkLCA.jpg?&crop=1,wwd.com,English,United States
https://www.usmagazine.com/shopping/news/linen-pants-for-spring-summer/,,15 Stylish 100 % Linen Pants Youll Wear All Spring and Summer,20260503T130000Z,https://www.usmagazine.com/wp-content/uploads/2026/05/GettyImages-1318455359.jpg?&crop=1&quality=86&strip=all,usmagazine.com,English,United States
https://www.marieclaire.com/fashion/stovepipe-jeans-outfits/,,Stovepipe Jeans Are Spring Answer to Straight - Leg Denim,20260320T221500Z,https://cdn.mos.cms.futurecdn.net/sB5Nd5uonXspAoCv8k9oL-2560-80.jpg,marieclaire.com,English,United States
https://www.marieclaire.com/fashion/spring-summer-2026-sheer-trend-outfits/,,How to Style Spring 2026 Sheer Trend Without Feeling Overexposed,20260421T184500Z,https://cdn.mos.cms.futurecdn.net/v8QvWgtfyxF3QZs8ttLzcV-2560-80.jpg,marieclaire.com,English,United States
https://www.hola.com/us/fashion/20260326892131/coachella-2026-outfits-fashion-ideas-style-inspiration/,https://www.hola.com/us/fashion/20260326892131/coachella-2026-outfits-fashion-ideas-style-inspiration/?viewas=amp,Coachella 2026 outfits : Trendy festival fashion ideas and style inspiration,20260326T184500Z,https://www.hola.com/us/horizon/landscape/09453760e0ec-coachella-streetstyle-at-the-2025-coachella-valley-music-and-arts-festival-on-ap.jpg?im=Resize=(1200),hola.com,English,United States
https://www.marieclaire.com/fashion/spring-fashion/spring-2026-fringe-trend-outfits/,,How to Wear Fringe for Spring 2026 If Youre a Minimalist,20260326T204500Z,https://cdn.mos.cms.futurecdn.net/2Utmdk7nfhnKoC7BKXANxD-2560-80.jpg,marieclaire.com,English,United States
https://www.fashiontimes.com/affordable-clothing-stores-know-2026-best-online-fashion-stores-every-budget-14064,,Affordable Clothing Stores to Know in 2026 : Best Online Fashion Stores for Every Budget,20260401T190000Z,https://d.fashiontimes.com/en/full/54818/woman-black-long-sleeve-shirt-carrying-paper-bags.jpg,fashiontimes.com,English,United States
https://www.marieclaire.com/fashion/spring-shoes-big-feet-maya-moore/,,Im Always Looking for Cute Shoes for My Size 11 Feet These Pairs Fit the Bill,20260401T141500Z,https://cdn.mos.cms.futurecdn.net/tBi2jBSgMXi2Bui7mxAf8H-1920-80.jpg,marieclaire.com,English,United States
https://www.businessinsider.com/clothes-to-spend-more-on-what-items-buy-cheap-stylist-2026-4,,Stylist Shares Clothes Worth Buying Cheap and What Items to Invest in,20260413T194500Z,https://i.insider.com/65d4d1c2a3bd891424f88593?&format=jpeg,businessinsider.com,English,United States
https://www.marieclaire.com/fashion/summer-fashion/summer-fashion-trends-2026/,,8 Essential Summer 2026 Fashion Trends Defining the Season,20260504T181500Z,https://cdn.mos.cms.futurecdn.net/hKZtNahVcCv8K2XcpuA9qU-2560-80.jpg,marieclaire.com,English,United States
https://www.marieclaire.com/fashion/black-leggings-outfits-julia-gall/,,3 Chic Black Legging Outfit Ideas That Arent Athleisure,20260424T173000Z,https://cdn.mos.cms.futurecdn.net/WwYzyKz52Ewfu4tEEHunZB-2560-80.jpg,marieclaire.com,English,United States
https://www.marieclaire.com/fashion/celebrity-style/celebrity-white-jeans-outfits/,,10 White Jeans Outfits Celebrity It Girls Are Styling for Spring,20260417T184500Z,https://cdn.mos.cms.futurecdn.net/zcoZuXq6pCS48XvHxUW2kV-1920-80.jpg,marieclaire.com,English,United States
https://www.menshealth.com/style/a70738342/mens-clothing-essentials/,,"The Clothing Essentials Every Guy Needs , From J . Crew to Barbour",20260316T190000Z,"https://hips.hearstapps.com/hmg-prod/images/ccd76858-aafc-46c9-8b30-5e41c1edae5e.jpg?crop=1xw:1xh;center,top",menshealth.com,English,United States
https://www.travelandleisure.com/carry-on-travel-outfits-frequent-flier-writer-picks-march-2026-11919732,,How to Fit 14 Day Worth of Travel Outfits in a Carry - on,20260306T143000Z,https://www.travelandleisure.com/thmb/zPWn37Dq67_v5jU9X_sKc3-zzO0=/1500x0/filters:no_upscale():max_bytes(150000):strip_icc()/tal-1-weeks-worth-of-outfits-into-a-carry-on-tout-cbe4487a513d4db7b2df65254947614f.jpg,travelandleisure.com,English,United States
https://www.travelandleisure.com/quebec-canada-winter-clothes-travel-writer-picks-11913025,,12 Winter Clothing Trends Inspired by Québec Locals,20260225T154500Z,https://www.travelandleisure.com/thmb/eI9nWo3HLi_GJpHHYCDv5JYLgAA=/1500x0/filters:no_upscale():max_bytes(150000):strip_icc()/tl-this-canadian-city-captures-european-winter-charm-tout-662da07742ae495a837fe2e801ffacc6.jpg,travelandleisure.com,English,United States
https://www.wpbf.com/article/amazon-sales-april-2026/71031876,,"Best Amazon April deals on home , beauty and fashion finds",20260416T133000Z,"https://kubrick.htvapps.com/htv-prod-media.s3.amazonaws.com/images/rawimage-1561388281642082239.jpg?crop=1.00xw:0.791xh;0,0",wpbf.com,English,United States
https://www.gulfcoastnewsnow.com/article/amazon-sales-april-2026/71031876,,"Best Amazon April deals on home , beauty and fashion finds",20260416T133000Z,"https://kubrick.htvapps.com/htv-prod-media.s3.amazonaws.com/images/rawimage-1561388281642082239.jpg?crop=1.00xw:0.791xh;0,0",gulfcoastnewsnow.com,English,
https://www.today.com/shop/best-gifts-for-60-year-olds-rcna125978,,All the Best Gifts for 60 - Year - Olds to Celebrate This Milestone With Them,20260414T184500Z,,today.com,English,United States
https://www.travelandleisure.com/30-year-oldtravel-capsule-wardrobe-editor-picks-11925160,,15 Capsule Wardrobe Pieces for 30 - year - old Travelers,20260313T131500Z,https://www.travelandleisure.com/thmb/TwMhMx9DKczFGKSbwUNOQF_00L8=/1500x0/filters:no_upscale():max_bytes(150000):strip_icc()/tal-15-travel-wardrobe-staples-tout-a5d21591fa4343b4815e538177e1f4e6.jpg,travelandleisure.com,English,United States
https://insideretail.asia/2026/03/13/dupe-brand-quince-reached-10-1-billion-valuation-experts-discuss/,,  Dupe  brand Quince reached $10 . 1 billion valuation : Experts discuss,20260313T051500Z,https://insideretail.asia/wp-content/uploads/2026/03/quince-cashmere.jpeg,insideretail.asia,English,China
https://www.searchenginejournal.com/selling-to-ai-the-complete-guide-to-agentic-commerce/570452/,,Selling To AI : The Complete Guide To Agentic Commerce,20260419T163000Z,https://cdn.searchenginejournal.com/wp-content/uploads/2026/03/agentic-commerce-31.jpg,searchenginejournal.com,English,United States
https://emagazine.com/what-is-fast-fashion-the-full-story-from-factory-to-landfill-to-your-wardrobe/,,What Is Fast Fashion ? The Full Story From Factory to Landfill to Your Wardrobe,20260326T010000Z,https://emagazine.com/wp-content/uploads/2026/03/diverse-consumers-shopping-for-sustainable-fashion-in-an-eco-friendly-store-7822ac16-2e40-4392-8d53-4b3773c9d3d8-1.avif,emagazine.com,English,United States
